Headline,Sentiment_Score,Date
News,0.0,2025-03-03 00:00:00
Life,0.0,2025-03-03 00:00:00
Entertainment,0.4215,2025-03-03 00:00:00
Finance,0.0,2025-03-03 00:00:00
Sports,0.0,2025-03-03 00:00:00
New on Yahoo,0.0,2025-03-03 00:00:00
Why Tesla stock still has a fan in Cathie Wood,0.3182,2025-03-03 00:00:00
Why more big deals are coming in the music industry,0.0,2025-03-03 00:00:00
"Tech Giants Have Pledged Over $1 Trillion in US Investment, So Far",0.0,2025-03-03 00:00:00
"Magnificent Seven Stocks: Nvidia Dives; Amazon, Tesla Sell Off",0.6808,2025-03-03 00:00:00
Warren Buffett Stocks: What's Inside Berkshire Hathaway's Portfolio?,0.0,2025-03-03 00:00:00
Qualcomm Faces Life After Apple. This Is How It Is Striking Back.,0.0,2025-03-03 00:00:00
"Apple's iPhone 16e Struggles as China's Smartphone Market Slumps, Jefferies Warns",-0.4404,2025-03-03 00:00:00
"Apple's Partnership With Alibaba Could Boost iPhone Sales Growth in China, Wedbush Says",0.6486,2025-03-03 00:00:00
Warren Buffett's State of the Market,0.0,2025-03-03 00:00:00
Big Tech Pain Is Mounting as Risk-Wary Traders Dump Winners,-0.4215,2025-03-03 00:00:00
Warren Buffett Is Still Holding His Apple Stock: Should You?,0.0,2025-03-03 00:00:00
"Apple's Partnership With Alibaba Key for iPhone Growth in China, Wedbush Says",0.3818,2025-03-03 00:00:00
"Apple's $500 billion promise: Been there, done that",0.3182,2025-03-03 00:00:00
Prediction: 3 Stocks That'll Be Worth More Than Apple 5 Years From Now,0.2263,2025-03-03 00:00:00
Warren Buffett Has Sold Over 950 Million Shares of Apple and Bank of America. But the Billionaire Has Made a Killing on 1 Stock He Hasn't Touched in 27 Years,-0.7579,2025-03-03 00:00:00
"Our eight-year-old daughter spent £8,500 on the Apple app store",0.0,2025-03-03 00:00:00
Xiaomi Debuts Pricey 15 Ultra Smartphone With Advanced Cameras,0.25,2025-03-03 00:00:00
The dust settles on Nvidia: Morning Brief,0.0,2025-03-03 00:00:00
Prediction: 2 Artificial Intelligence (AI) Stocks That Will Be Worth More Than Palantir by 2026,0.6124,2025-03-03 00:00:00
Samsung Broadens AI Phone Lineup With $300 5G Galaxy Models,0.0,2025-03-03 00:00:00
Performance Overview,0.0,2025-03-03 00:00:00
,0.0,2025-03-03 00:00:00
News,0.0,2025-03-03
Life,0.0,2025-03-03
Entertainment,0.4215,2025-03-03
Finance,0.0,2025-03-03
Sports,0.0,2025-03-03
New on Yahoo,0.0,2025-03-03
Why Tesla stock still has a fan in Cathie Wood,0.3182,2025-03-03
Why more big deals are coming in the music industry,0.0,2025-03-03
Apple CEO Tim Cook Teases 'Something in the Air' This Week,-0.296,2025-03-03
"Tech Giants Have Pledged Over $1 Trillion in US Investment, So Far",0.0,2025-03-03
Buy Taiwan Semiconductor (TSM) Stock for Expansion Plans in the U.S.?,0.0,2025-03-03
"Magnificent Seven Stocks: Nvidia Dives; Amazon, Tesla Sell Off",0.6808,2025-03-03
Warren Buffett Stocks: What's Inside Berkshire Hathaway's Portfolio?,0.0,2025-03-03
Qualcomm Faces Life After Apple. This Is How It Is Striking Back.,0.0,2025-03-03
"Apple's iPhone 16e Struggles as China's Smartphone Market Slumps, Jefferies Warns",-0.4404,2025-03-03
"Apple's Partnership With Alibaba Could Boost iPhone Sales Growth in China, Wedbush Says",0.6486,2025-03-03
Warren Buffett's State of the Market,0.0,2025-03-03
Big Tech Pain Is Mounting as Risk-Wary Traders Dump Winners,-0.4215,2025-03-03
Warren Buffett Is Still Holding His Apple Stock: Should You?,0.0,2025-03-03
"Apple's Partnership With Alibaba Key for iPhone Growth in China, Wedbush Says",0.3818,2025-03-03
"Apple's $500 billion promise: Been there, done that",0.3182,2025-03-03
Prediction: 3 Stocks That'll Be Worth More Than Apple 5 Years From Now,0.2263,2025-03-03
Warren Buffett Has Sold Over 950 Million Shares of Apple and Bank of America. But the Billionaire Has Made a Killing on 1 Stock He Hasn't Touched in 27 Years,-0.7579,2025-03-03
"Our eight-year-old daughter spent £8,500 on the Apple app store",0.0,2025-03-03
Xiaomi Debuts Pricey 15 Ultra Smartphone With Advanced Cameras,0.25,2025-03-03
The dust settles on Nvidia: Morning Brief,0.0,2025-03-03
Performance Overview,0.0,2025-03-03
,0.0,2025-03-03
